1,0,978.35,25.3,25,25,24.21
2,7,978.36,25.3,25,25,24.21
3,7,978.34,25.2,24,25,24.18
4,7,978.37,25.2,24,25,24.18
5,7,978.39,25.2,24,25,24.18
6,7,978.41,25.2,24,25,24.18
7,7,978.39,25.2,24,25,24.18
8,7,978.34,25.2,24,25,24.18
9,7,978.34,25.2,24,25,24.18
10,7,978.41,25.2,24,25,24.18
11,7,978.4,25.2,24,25,24.18
12,7,978.44,25.1,24,25,24.18
13,7,978.38,25.1,24,25,24.18
14,7,978.39,25.1,24,25,24.18
15,5,978.41,25.1,24,25,24.18
16,5,978.46,25.1,24,25,24.18
17,5,978.37,25.2,24,25,24.18
18,5,978.44,25.2,24,25,24.18
19,5,978.42,25.1,24,25,24.18
20,5,978.39,25.2,24,25,24.18
21,5,978.43,25.2,26,26,25.33
22,5,978.48,25.2,26,25,24.23
23,5,978.48,25.2,27,26,25.36
24,5,978.44,25.2,27,26,25.36
25,5,978.41,25.2,26,26,25.33
26,5,978.43,25.2,26,26,25.33
27,5,978.37,25.2,26,26,25.33
28,5,978.35,25.2,26,26,25.33
29,5,978.35,25.2,26,26,25.33
30,5,978.35,25.2,26,26,25.33
31,5,978.37,25.2,26,26,25.33
32,5,978.34,25.2,25,26,25.31
33,5,978.41,25.3,25,26,25.31
34,5,978.38,25.2,25,26,25.31
35,5,978.35,25.3,25,26,25.31
36,5,978.3,25.2,25,26,25.31
37,5,978.32,25.3,25,26,25.31
38,5,978.32,25.2,25,26,25.31
39,5,978.34,25.2,25,26,25.31
40,5,978.28,25.3,25,26,25.31
41,5,978.45,25.2,25,26,25.31
42,5,978.35,25.2,25,26,25.31
43,5,978.42,25.2,25,26,25.31
44,5,978.41,25.2,25,26,25.31
45,5,978.36,25.2,25,26,25.31
46,5,978.38,25.2,25,26,25.31
47,5,978.44,25.2,25,26,25.31
48,5,978.44,25.2,25,26,25.31
49,5,978.39,25.2,25,26,25.31
50,5,978.38,25.2,25,26,25.31
51,5,978.39,25.2,25,26,25.31
52,5,978.45,25.2,25,26,25.31
53,5,978.48,25.2,25,26,25.31
54,2,978.49,25.2,25,26,25.31
55,2,978.46,25.2,25,26,25.31
56,1,978.48,25.1,23,25,24.16
57,2,978.58,25.2,23,25,24.16
58,2,978.52,25.2,23,25,24.16
59,2,978.62,25.2,24,25,24.18
60,2,978.59,25.1,24,25,24.18
61,2,978.5,25.1,23,25,24.16
62,2,978.57,25.1,23,25,24.16
63,2,978.51,25.2,23,25,24.16
64,2,978.67,25.1,23,25,24.16
65,2,978.61,25.1,23,25,24.16
66,2,978.63,25.1,23,25,24.16
67,2,978.6,25.1,23,25,24.16
68,2,978.57,25.1,23,25,24.16
69,2,978.52,25.1,23,25,24.16
70,2,978.58,25.1,23,25,24.16
71,2,978.59,25,23,25,24.16
72,2,978.56,25,23,25,24.16
73,2,978.52,25,23,25,24.16
74,2,978.58,25,23,25,24.16
75,2,978.53,25,23,25,24.16
76,2,978.55,25,23,25,24.16
77,2,978.55,25,23,25,24.16
78,2,978.57,25,23,25,24.16
79,2,978.55,25,23,25,24.16
80,2,978.53,25,23,25,24.16
81,2,978.54,24.9,23,25,24.16
82,2,978.44,24.9,23,25,24.16
83,2,978.45,24.9,23,25,24.16
84,2,978.47,24.9,23,25,24.16
85,2,978.45,24.9,23,25,24.16
86,2,978.48,24.9,23,25,24.16
87,2,978.45,24.9,23,25,24.16
88,2,978.48,24.9,23,25,24.16
89,2,978.52,24.8,23,25,24.16
90,2,978.44,24.8,23,25,24.16
91,2,978.45,24.8,23,25,24.16
92,2,978.5,24.8,23,25,24.16
93,2,978.44,24.8,23,25,24.16
94,2,978.47,24.8,23,25,24.16
95,2,978.54,24.8,23,25,24.16
96,2,978.54,24.8,23,25,24.16
97,2,978.53,24.8,23,25,24.16
98,2,978.57,24.8,23,25,24.16
99,2,978.55,24.8,23,25,24.16
100,2,978.56,24.8,23,25,24.16
101,2,978.61,24.7,23,25,24.16
102,2,978.54,24.7,23,25,24.16
103,2,978.48,24.7,23,25,24.16
104,2,978.57,24.7,23,25,24.16
105,2,978.63,24.7,23,25,24.16
106,2,978.51,24.7,23,25,24.16
107,2,978.6,24.7,23,25,24.16
108,2,978.62,24.7,23,25,24.16
109,2,978.52,24.6,23,24,23.06
110,2,978.57,24.6,24,25,24.18
111,2,978.63,24.6,24,25,24.18
112,2,978.65,24.6,24,25,24.18
113,2,978.61,24.6,23,24,23.06
114,2,978.67,24.5,23,24,23.06
115,2,978.6,24.5,24,24,23.08
116,2,978.58,24.5,23,24,23.06
117,2,978.55,24.5,23,24,23.06
118,2,978.65,24.5,23,24,23.06
119,2,978.55,24.5,23,24,23.06
120,2,978.59,24.5,23,24,23.06
121,0,978.64,24.5,23,24,23.06
122,0,978.69,24.5,23,24,23.06
123,0,978.6,24.5,23,24,23.06
124,0,978.58,24.5,23,24,23.06
125,0,978.58,24.5,23,24,23.06
126,0,978.5,24.5,23,24,23.06
127,0,978.57,24.4,23,24,23.06
128,0,978.58,24.4,23,24,23.06
129,0,978.64,24.4,23,24,23.06
130,0,978.69,24.4,23,24,23.06
131,0,978.55,24.4,23,24,23.06
132,0,978.67,24.3,23,24,23.06
133,0,978.65,24.4,23,24,23.06
134,0,978.56,24.3,23,24,23.06
135,0,978.63,24.3,23,24,23.06
136,0,978.57,24.3,23,24,23.06
137,0,978.52,24.3,23,24,23.06
138,0,978.48,24.3,23,24,23.06
139,0,978.56,24.3,24,24,23.08
140,0,978.56,24.3,24,24,23.08
141,0,978.47,24.3,24,24,23.08
142,0,978.57,24.3,24,24,23.08
143,0,978.56,24.2,24,24,23.08
144,0,978.53,24.2,23,24,23.06
145,0,978.5,24.2,24,24,23.08
146,0,978.59,24.2,24,24,23.08
147,0,978.59,24.2,24,24,23.08
148,0,978.6,24.2,24,24,23.08
149,0,978.56,24.2,24,24,23.08
150,0,978.62,24.2,24,24,23.08
151,0,978.63,24.2,24,24,23.08
152,0,978.55,24.1,24,24,23.08
153,0,978.52,24.2,24,24,23.08
154,0,978.58,24.1,24,24,23.08
155,0,978.5,24.1,24,24,23.08
156,0,978.55,24.1,24,24,23.08
157,0,978.58,24.1,24,24,23.08
158,0,978.63,24.1,24,24,23.08
159,0,978.6,24.1,24,24,23.08
160,0,978.54,24.1,24,24,23.08
161,0,978.54,24.1,24,24,23.08
162,0,978.6,24.1,24,24,23.08
163,0,978.56,24.1,24,24,23.08
164,0,978.46,24.1,24,24,23.08
165,0,978.51,24.1,24,24,23.08
166,0,978.47,24.1,24,24,23.08
167,0,978.47,24.1,24,24,23.08
168,0,978.44,24,24,24,23.08
169,0,978.47,24,24,24,23.08
170,0,978.45,24,24,24,23.08
171,0,978.43,24,24,24,23.08
172,0,978.44,24,23,24,23.06
173,0,978.44,24,23,24,23.06
174,0,978.44,24,24,24,23.08
175,0,978.45,24,24,24,23.08
176,0,978.4,24,24,24,23.08
177,0,978.44,24,24,24,23.08
178,0,978.43,24,24,24,23.08
179,0,978.46,24,24,24,23.08
180,0,978.44,23.9,24,24,23.08
181,0,978.48,23.9,24,24,23.08
182,0,978.44,23.9,24,24,23.08
183,0,978.48,23.9,24,24,23.08
184,0,978.48,23.9,24,24,23.08
185,0,978.44,23.9,24,24,23.08
186,0,978.41,23.9,24,24,23.08
187,0,978.44,23.9,24,24,23.08
188,0,978.45,23.9,24,24,23.08
189,0,978.61,23.9,24,24,23.08
190,0,978.53,23.9,24,24,23.08
191,0,978.55,23.9,24,24,23.08
192,0,978.56,23.9,24,24,23.08
193,0,978.58,23.9,24,24,23.08
194,0,978.58,23.9,24,24,23.08
195,0,978.63,23.8,24,24,23.08
196,0,978.62,23.8,24,24,23.08
197,0,978.69,23.8,24,24,23.08
198,0,978.63,23.8,24,24,23.08
199,0,978.66,23.8,24,24,23.08
200,0,978.68,23.8,24,24,23.08
201,0,978.69,23.8,24,24,23.08
202,0,978.7,23.8,24,24,23.08
203,0,978.7,23.8,24,24,23.08
204,0,978.75,23.8,24,24,23.08
205,0,978.78,23.8,24,24,23.08
206,0,978.7,23.8,24,24,23.08
207,0,978.68,23.8,24,24,23.08
208,0,978.76,23.8,24,24,23.08
209,0,978.76,23.8,24,24,23.08
210,0,978.79,23.8,24,24,23.08
211,0,978.83,23.8,24,24,23.08
212,0,978.72,23.8,24,24,23.08
213,0,978.82,23.8,24,24,23.08
214,0,978.75,23.8,24,24,23.08
215,0,978.63,23.8,24,24,23.08
216,0,978.67,23.8,24,24,23.08
217,0,978.64,23.8,24,24,23.08
218,0,978.7,23.8,24,24,23.08
219,0,978.74,23.8,24,24,23.08
220,0,978.66,23.8,24,24,23.08
221,0,978.73,23.8,24,24,23.08
222,0,978.71,23.8,24,24,23.08
223,0,978.7,23.7,24,24,23.08
224,0,978.75,23.7,24,24,23.08
225,0,978.69,23.8,24,24,23.08
226,0,978.74,23.8,24,24,23.08
227,0,978.67,23.8,24,24,23.08
228,0,978.71,23.8,24,24,23.08
229,0,978.72,23.8,24,24,23.08
230,0,978.64,23.8,24,24,23.08
231,0,978.68,23.8,24,24,23.08
232,0,978.71,23.8,24,24,23.08
233,0,978.83,23.8,24,24,23.08
234,0,978.81,23.8,24,24,23.08
235,0,978.79,23.8,24,24,23.08
236,0,978.88,23.8,24,24,23.08
237,0,978.86,23.8,24,24,23.08
238,0,978.93,23.8,24,24,23.08
239,0,978.87,23.8,24,24,23.08
240,0,978.99,23.8,24,24,23.08
241,0,978.94,23.8,24,24,23.08
242,0,978.93,23.7,24,24,23.08
243,0,978.98,23.7,24,24,23.08
244,0,978.98,23.8,24,24,23.08
245,0,979.01,23.8,24,24,23.08
246,0,979,23.8,24,24,23.08
247,0,979.02,23.8,24,24,23.08
248,0,979,23.8,24,24,23.08
249,0,979.04,23.7,24,24,23.08
250,0,979.07,23.8,24,24,23.08
251,0,979.1,23.7,24,24,23.08
252,0,979.08,23.7,24,24,23.08
253,0,979.09,23.7,24,24,23.08
254,0,979.04,23.7,24,24,23.08
255,0,979.14,23.7,24,24,23.08
256,0,979.11,23.7,24,24,23.08
257,0,979.1,23.7,24,24,23.08
258,0,979.08,23.7,24,24,23.08
259,0,979.18,23.7,24,24,23.08
260,0,979.11,23.7,24,24,23.08
261,0,979.13,23.7,24,24,23.08
262,0,979.18,23.7,24,24,23.08
263,0,979.08,23.7,24,24,23.08
264,0,979.16,23.7,24,24,23.08
265,0,979.14,23.6,24,24,23.08
266,0,979.14,23.6,24,24,23.08
267,0,979.08,23.6,24,24,23.08
268,0,979.06,23.6,24,24,23.08
269,0,979.17,23.6,24,24,23.08
270,0,979.13,23.6,24,24,23.08
271,0,979.2,23.6,24,24,23.08
272,0,979.1,23.6,24,24,23.08
273,0,979.22,23.6,24,24,23.08
274,0,979.11,23.6,24,24,23.08
275,0,979.19,23.6,24,24,23.08
276,0,979.22,23.6,24,24,23.08
277,0,979.17,23.6,24,24,23.08
278,0,979.17,23.6,24,24,23.08
279,0,979.14,23.6,24,24,23.08
280,0,979.14,23.6,24,24,23.08
281,0,979.1,23.6,24,24,23.08
282,0,979.11,23.6,24,24,23.08
283,0,979.16,23.6,24,24,23.08
284,0,979.18,23.6,24,24,23.08
285,0,979.14,23.6,24,24,23.08
286,0,979.17,23.6,24,24,23.08
287,0,979.12,23.6,24,24,23.08
288,0,979.15,23.6,24,24,23.08
289,0,979.19,23.6,24,24,23.08
290,0,979.13,23.6,24,23,21.98
291,0,979.23,23.6,24,24,23.08
292,0,979.12,23.6,24,24,23.08
293,0,979.18,23.6,24,24,23.08
294,0,979.12,23.6,24,24,23.08
295,0,979.12,23.6,24,24,23.08
296,0,979.09,23.5,24,24,23.08
297,0,979.07,23.5,24,24,23.08
298,0,979.18,23.5,24,24,23.08
299,0,979.07,23.5,24,23,21.98
300,0,979.18,23.5,24,23,21.98
301,0,979.1,23.5,24,23,21.98
302,0,979.1,23.5,24,23,21.98
303,0,979.14,23.5,24,23,21.98
304,0,979.16,23.4,24,23,21.98
305,0,979.15,23.4,24,23,21.98
306,0,979.12,23.4,24,23,21.98
307,0,979.13,23.4,24,23,21.98
308,0,979.16,23.4,24,23,21.98
309,0,979.21,23.4,24,23,21.98
310,0,979.13,23.4,24,23,21.98
311,0,979.07,23.4,24,23,21.98
312,0,979.17,23.4,24,23,21.98
313,0,979.13,23.4,24,23,21.98
314,0,979.18,23.4,24,23,21.98
315,0,979.21,23.3,24,23,21.98
316,0,979.18,23.3,24,23,21.98
317,0,979.2,23.3,24,23,21.98
318,0,979.27,23.3,24,23,21.98
319,0,979.29,23.3,24,23,21.98
320,0,979.27,23.3,24,23,21.98
321,0,979.34,23.3,24,23,21.98
322,0,979.35,23.3,24,23,21.98
323,0,979.46,23.3,24,23,21.98
324,0,979.44,23.3,24,23,21.98
325,0,979.51,23.2,24,23,21.98
326,0,979.58,23.3,24,23,21.98
327,0,979.55,23.3,24,23,21.98
328,0,979.65,23.3,24,23,21.98
329,0,979.73,23.2,25,23,22.01
330,0,979.58,23.2,25,23,22.01
331,0,979.63,23.2,25,23,22.01
332,0,979.63,23.2,24,23,21.98
333,0,979.62,23.2,25,23,22.01
334,0,979.67,23.2,24,23,21.98
335,0,979.66,23.2,24,23,21.98
336,0,979.68,23.2,24,23,21.98
337,0,979.74,23.2,24,23,21.98
338,0,979.62,23.2,24,23,21.98
339,0,979.71,23.2,25,23,22.01
340,0,979.64,23.2,24,23,21.98
341,0,979.65,23.2,24,23,21.98
342,0,979.64,23.2,24,23,21.98
343,0,979.7,23.2,24,23,21.98
344,0,979.71,23.2,24,23,21.98
345,0,979.73,23.2,24,23,21.98
346,0,979.75,23.2,24,23,21.98
347,0,979.79,23.2,24,23,21.98
348,0,979.86,23.2,24,23,21.98
349,0,979.87,23.2,24,23,21.98
350,0,979.86,23.2,24,23,21.98
351,0,979.91,23.2,24,23,21.98
352,0,979.95,23.2,24,23,21.98
353,0,979.95,23.1,24,23,21.98
354,0,980.01,23.1,24,23,21.98
355,0,979.91,23.2,24,23,21.98
356,0,980.04,23.2,24,23,21.98
357,0,980.02,23.2,24,23,21.98
358,0,979.97,23.2,24,23,21.98
359,0,979.9,23.1,24,23,21.98
360,0,979.95,23.1,24,23,21.98
361,0,979.86,23.2,25,23,22.01
362,0,979.96,23.2,25,23,22.01
363,0,979.97,23.1,24,23,21.98
364,0,979.97,23.1,24,23,21.98
365,0,980.06,23.1,24,23,21.98
366,0,979.94,23.1,25,23,22.01
367,0,979.99,23.1,24,23,21.98
368,0,979.86,23.1,24,23,21.98
369,0,979.91,23.1,25,23,22.01
370,0,980.02,23.1,25,23,22.01
371,0,979.98,23.1,25,23,22.01
372,0,980,23.1,25,23,22.01
373,0,979.99,23.1,25,23,22.01
374,0,980.06,23.1,25,23,22.01
375,0,979.99,23.1,25,23,22.01
376,0,979.97,23.1,25,23,22.01
377,0,980.06,23.2,25,23,22.01
378,0,979.97,23.2,25,23,22.01
379,0,980.05,23.2,25,23,22.01
380,0,980.07,23.2,24,23,21.98
381,0,980.07,23.2,24,23,21.98
382,0,980.16,23.1,24,23,21.98
383,0,980.09,23.1,25,23,22.01
384,0,980.03,23.1,25,23,22.01
385,0,980.17,23.1,25,23,22.01
386,0,980.15,23.1,25,23,22.01
387,0,980.25,23.1,25,23,22.01
388,0,980.16,23.2,25,23,22.01
389,0,980.15,23.2,25,23,22.01
390,0,980.25,23.2,25,23,22.01
391,0,980.12,23.2,25,23,22.01
392,0,980.15,23.2,24,23,21.98
393,0,980.17,23.2,24,23,21.98
394,0,980.09,23.2,24,23,21.98
395,0,980.11,23.2,24,23,21.98
396,0,980.1,23.2,24,23,21.98
397,0,980.06,23.2,24,23,21.98
398,0,980.08,23.1,24,23,21.98
399,0,980.21,23.1,24,23,21.98
400,0,980.09,23.1,24,23,21.98
401,0,980.07,23.1,24,23,21.98
402,0,980.13,23.1,24,23,21.98
403,0,980.16,23.1,25,23,22.01
404,0,980.16,23.1,25,23,22.01
405,0,980.17,23.1,24,23,21.98
406,0,980.06,23.1,25,23,22.01
407,0,980.23,23.1,25,23,22.01
408,0,980.07,23.1,25,23,22.01
409,0,980.25,23.2,25,23,22.01
410,0,980.16,23.1,25,23,22.01
411,0,980.3,23.2,25,23,22.01
412,0,980.17,23.2,25,23,22.01
413,0,980.16,23.2,25,23,22.01
414,0,980.15,23.2,25,23,22.01
415,0,980.15,23.2,25,23,22.01
416,0,980.24,23.2,25,23,22.01
417,0,980.24,23.2,25,23,22.01
418,0,980.24,23.2,25,23,22.01
419,1,980.29,23.2,25,23,22.01
420,1,980.29,23.2,25,23,22.01
421,0,980.29,23.2,25,23,22.01
422,1,980.32,23.2,25,23,22.01
423,1,980.32,23.2,25,23,22.01
424,1,980.25,23.2,25,23,22.01
425,1,980.27,23.2,25,23,22.01
426,1,980.32,23.2,25,23,22.01
427,1,980.25,23.2,25,23,22.01
428,1,980.23,23.2,25,23,22.01
429,1,980.36,23.2,25,23,22.01
430,1,980.38,23.2,25,23,22.01
431,1,980.49,23.2,25,23,22.01
432,1,980.4,23.2,25,23,22.01
433,1,980.43,23.2,25,23,22.01
434,1,980.4,23.2,25,23,22.01
435,1,980.45,23.2,25,23,22.01
436,1,980.42,23.2,25,23,22.01
437,1,980.41,23.3,26,23,22.03
438,1,980.41,23.3,26,23,22.03
439,1,980.39,23.3,26,24,23.13
440,1,980.49,23.3,26,24,23.13
441,1,980.48,23.3,25,24,23.11
442,1,980.45,23.3,25,24,23.11
443,1,980.48,23.3,26,24,23.13
444,1,980.46,23.3,26,24,23.13
445,1,980.44,23.4,25,23,22.01
446,1,980.43,23.4,25,24,23.11
447,2,980.41,23.4,25,24,23.11
448,2,980.52,23.4,25,24,23.11
449,2,980.52,23.4,25,24,23.11
450,2,980.63,23.4,25,24,23.11
451,2,980.71,23.4,25,24,23.11
452,2,980.68,23.4,25,24,23.11
453,2,980.63,23.4,25,24,23.11
454,2,980.7,23.4,25,24,23.11
455,2,980.67,23.4,25,24,23.11
456,2,980.6,23.4,25,24,23.11
457,2,980.68,23.4,25,24,23.11
458,2,980.67,23.4,25,23,22.01
459,2,980.7,23.4,25,23,22.01
460,2,980.76,23.4,25,24,23.11
461,2,980.69,23.4,25,23,22.01
462,2,980.72,23.4,25,23,22.01
463,2,980.81,23.4,25,23,22.01
464,2,980.82,23.4,25,23,22.01
465,2,980.86,23.3,25,23,22.01
466,3,980.85,23.3,25,23,22.01
467,3,980.89,23.3,25,23,22.01
468,3,980.88,23.3,25,23,22.01
469,3,980.87,23.3,25,23,22.01
470,3,980.98,23.3,25,23,22.01
471,3,980.95,23.3,25,23,22.01
472,3,980.9,23.3,25,23,22.01
473,3,980.97,23.3,25,23,22.01
474,3,980.96,23.3,25,23,22.01
475,3,980.9,23.2,25,23,22.01
476,3,981,23.2,25,23,22.01
477,3,981.06,23.2,25,23,22.01
478,3,981.03,23.2,25,23,22.01
479,3,981.04,23.2,25,23,22.01
480,3,981.12,23.2,24,23,21.98
481,4,981.1,23.2,25,23,22.01
482,4,981.02,23.2,25,23,22.01
483,4,981.06,23.2,25,23,22.01
484,4,981.12,23.2,25,23,22.01
485,4,981.13,23.2,25,23,22.01
486,4,981.17,23.2,25,23,22.01
487,4,981.22,23.2,25,23,22.01
488,4,981.26,23.2,25,23,22.01
489,4,981.22,23.2,25,23,22.01
490,4,981.26,23.2,25,23,22.01
491,5,981.33,23.2,24,23,21.98
492,5,981.29,23.2,25,23,22.01
493,5,981.32,23.2,25,23,22.01
494,5,981.27,23.2,25,23,22.01
495,5,981.3,23.2,25,23,22.01
496,5,981.38,23.2,24,23,21.98
497,5,981.38,23.2,25,23,22.01
498,5,981.41,23.2,24,23,21.98
499,5,981.45,23.2,25,23,22.01
500,5,981.4,23.2,24,23,21.98
501,5,981.47,23.2,24,23,21.98
502,5,981.52,23.2,25,23,22.01
503,5,981.45,23.2,24,23,21.98
504,5,981.5,23.2,24,23,21.98
505,5,981.48,23.2,25,23,22.01
506,5,981.49,23.2,24,23,21.98
507,5,981.49,23.2,25,23,22.01
508,5,981.46,23.2,24,23,21.98
509,5,981.46,23.2,24,23,21.98
510,5,981.56,23.2,24,23,21.98
511,5,981.49,23.2,24,23,21.98
512,5,981.6,23.2,24,23,21.98
513,5,981.52,23.2,25,23,22.01
514,5,981.59,23.2,24,23,21.98
515,5,981.64,23.2,24,23,21.98
516,5,981.63,23.2,24,23,21.98
517,5,981.6,23.2,24,23,21.98
518,6,981.62,23.2,24,23,21.98
519,6,981.61,23.2,24,23,21.98
520,6,981.61,23.2,24,23,21.98
521,7,981.57,23.2,24,23,21.98
522,7,981.63,23.2,24,23,21.98
523,7,981.6,23.2,24,23,21.98
524,8,981.61,23.2,24,23,21.98
525,8,981.68,23.2,24,23,21.98
526,9,981.63,23.2,24,23,21.98
527,10,981.58,23.2,24,23,21.98
528,10,981.65,23.2,24,23,21.98
529,10,981.6,23.2,24,23,21.98
530,10,981.58,23.2,24,23,21.98
531,10,981.7,23.2,24,23,21.98
532,11,981.65,23.2,24,23,21.98
533,11,981.75,23.2,24,23,21.98
534,11,981.65,23.2,24,23,21.98
535,12,981.68,23.2,24,23,21.98
536,11,981.74,23.2,24,23,21.98
537,13,981.72,23.2,24,23,21.98
538,12,981.67,23.2,24,23,21.98
539,12,981.7,23.2,24,23,21.98
540,14,981.65,23.3,24,23,21.98
541,23,981.74,23.3,24,23,21.98
542,35,981.69,23.3,24,23,21.98
543,33,981.55,23.4,24,23,21.98
544,30,981.77,23.4,24,24,23.08
545,42,981.72,23.5,24,24,23.08
546,43,981.7,23.5,23,24,23.06
547,50,981.65,23.6,23,24,23.06
548,53,981.63,23.7,23,24,23.06
549,53,981.76,23.7,23,24,23.06
550,54,981.78,23.8,23,24,23.06
551,53,981.72,23.8,23,24,23.06
552,373,981.71,23.9,22,24,23.03
553,356,981.69,24,22,24,23.03
554,364,981.68,24,22,25,24.13
555,337,981.63,24,23,25,24.16
556,311,981.72,24.1,23,25,24.16
557,280,981.75,24.1,23,25,24.16
558,171,981.77,24,23,24,23.06
559,176,981.78,24,23,24,23.06
560,248,981.74,24,23,24,23.06
561,347,981.84,24,23,24,23.06
562,345,981.85,24.1,23,24,23.06
563,333,981.75,24.1,23,24,23.06
564,316,981.85,24.1,23,24,23.06
565,238,981.9,24.1,24,24,23.08
566,244,981.86,24.2,25,24,23.11
567,241,981.87,24.3,24,25,24.18
568,238,981.82,24.3,24,25,24.18
569,235,981.81,24.4,24,25,24.18
570,234,981.87,24.4,24,25,24.18
571,243,981.8,24.5,24,25,24.18
572,245,981.95,24.5,23,25,24.16
573,241,981.89,24.6,23,25,24.16
574,244,981.88,24.6,23,25,24.16
575,252,981.88,24.6,23,25,24.16
576,214,981.85,24.6,23,25,24.16
577,180,981.99,24.5,23,25,24.16
578,204,981.97,24.5,23,25,24.16
579,194,982.04,24.5,23,25,24.16
580,181,982.02,24.5,23,25,24.16
581,152,981.98,24.5,23,25,24.16
582,123,982.07,24.5,24,25,24.18
583,114,982.07,24.4,24,25,24.18
584,119,982.14,24.4,24,25,24.18
585,122,982.02,24.4,24,24,23.08
586,131,982.16,24.3,24,24,23.08
587,119,982.09,24.3,24,24,23.08
588,140,982.08,24.3,24,24,23.08
589,152,982.08,24.3,24,24,23.08
590,185,982.03,24.3,24,24,23.08
591,217,982.07,24.3,24,24,23.08
592,187,982.1,24.3,24,24,23.08
593,177,982.09,24.4,24,24,23.08
594,273,982.06,24.4,24,24,23.08
595,237,982.08,24.5,23,25,24.16
596,259,981.98,24.5,23,25,24.16
597,275,982.07,24.6,23,25,24.16
598,270,981.98,24.6,23,25,24.16
599,240,982.08,24.6,23,25,24.16
600,257,982.08,24.6,23,25,24.16
601,256,982.03,24.7,23,25,24.16
602,204,982.18,24.7,23,25,24.16
603,253,982.1,24.7,23,25,24.16
604,262,982.16,24.7,23,25,24.16
605,216,982.18,24.8,23,25,24.16
606,208,982.23,24.7,23,25,24.16
607,237,982.27,24.8,23,25,24.16
608,259,982.2,24.7,23,25,24.16
609,232,982.17,24.7,23,25,24.16
610,221,982.23,24.7,23,25,24.16
611,234,982.31,24.7,23,25,24.16
612,257,982.28,24.7,23,25,24.16
613,274,982.18,24.8,23,25,24.16
614,280,982.3,24.8,23,25,24.16
615,285,982.25,24.9,23,25,24.16
616,281,982.26,24.9,22,25,24.13
617,268,982.24,24.9,22,25,24.13
618,266,982.21,24.9,23,25,24.16
619,256,982.2,24.9,23,25,24.16
620,255,982.24,24.9,23,25,24.16
621,246,982.29,24.9,23,25,24.16
622,233,982.16,24.9,23,25,24.16
623,226,982.23,24.9,23,25,24.16
624,229,982.29,24.9,23,25,24.16
625,234,982.39,24.9,23,25,24.16
626,242,982.33,24.9,23,25,24.16
627,243,982.29,24.9,23,25,24.16
628,245,982.4,24.9,23,25,24.16
629,247,982.39,24.9,23,25,24.16
630,262,982.36,24.9,23,25,24.16
631,274,982.38,24.9,23,25,24.16
632,277,982.39,24.9,23,25,24.16
633,273,982.29,25,23,25,24.16
634,268,982.32,24.9,23,25,24.16
635,1173,982.31,25,23,25,24.16
636,702,982.4,24.6,23,25,24.16
637,703,982.34,24.8,23,25,24.16
638,716,982.4,24.8,24,25,24.18
639,689,982.39,24.9,23,25,24.16
640,718,982.38,25,23,25,24.16
641,736,982.38,25,23,25,24.16
642,734,982.38,25.1,23,25,24.16
643,720,982.44,25,24,26,25.28
644,106,982.39,25,23,26,25.26
645,106,982.44,25,22,25,24.13
646,118,982.45,25,23,25,24.16
647,114,982.45,25,22,25,24.13
648,111,982.44,25.1,22,25,24.13
649,119,982.39,25.1,22,25,24.13
650,125,982.44,25.1,23,26,25.26
651,122,982.39,25.2,23,26,25.26
652,117,982.5,25.2,23,26,25.26
653,119,982.47,25.2,23,26,25.26
654,124,982.56,25.2,23,26,25.26
655,114,982.57,25.3,23,26,25.26
656,118,982.55,25.3,22,26,25.23
657,118,982.52,25.3,22,26,25.23
658,126,982.59,25.3,22,26,25.23
659,130,982.48,25.3,23,26,25.26
660,140,982.53,25.3,23,26,25.26
661,137,982.64,25.3,22,26,25.23
662,131,982.63,25.4,22,26,25.23
663,140,982.65,25.4,22,26,25.23
664,143,982.55,25.4,22,26,25.23
665,139,982.62,25.4,22,26,25.23
666,139,982.68,25.4,22,26,25.23
667,138,982.62,25.4,22,26,25.23
668,138,982.73,25.4,23,26,25.26
669,134,982.79,25.5,22,26,25.23
670,129,982.78,25.5,22,26,25.23
671,135,982.72,25.5,22,26,25.23
672,130,982.79,25.5,22,26,25.23
673,132,982.69,25.5,22,26,25.23
674,128,982.66,25.5,22,26,25.23
675,125,982.68,25.5,22,26,25.23
676,130,982.87,25.6,22,26,25.23
677,128,982.67,25.6,22,26,25.23
678,131,982.78,25.6,22,26,25.23
679,135,982.66,25.5,22,26,25.23
680,127,982.73,25.6,22,26,25.23
681,128,982.81,25.6,22,26,25.23
682,129,982.82,25.6,22,26,25.23
683,127,982.74,25.6,22,26,25.23
684,125,982.8,25.6,22,26,25.23
685,123,982.79,25.6,22,26,25.23
686,122,982.86,25.6,22,26,25.23
687,127,982.85,25.6,22,26,25.23
688,120,982.78,25.6,23,26,25.26
689,124,982.79,25.6,23,26,25.26
690,122,982.79,25.6,23,26,25.26
691,118,982.78,25.6,23,26,25.26
692,117,982.73,25.5,24,26,25.28
693,126,982.73,25.5,24,26,25.28
694,126,982.69,25.6,24,26,25.28
695,118,982.79,25.6,24,26,25.28
696,112,982.71,25.6,23,26,25.26
697,121,982.81,25.6,23,26,25.26
698,118,982.82,25.6,23,26,25.26
699,123,982.83,25.6,23,26,25.26
700,119,982.86,25.6,23,26,25.26
701,121,982.6,25.6,23,26,25.26
702,120,982.74,25.6,23,26,25.26
703,119,982.79,25.6,23,26,25.26
704,122,982.91,25.6,23,26,25.26
705,113,982.86,25.5,23,26,25.26
706,121,982.91,25.6,24,26,25.28
707,104,982.82,25.4,23,26,25.26
708,81,982.87,25.4,24,26,25.28
709,82,982.81,25.5,25,26,25.31
710,82,982.73,25.5,25,26,25.31
711,89,982.79,25.5,25,26,25.31
712,81,982.87,25.5,25,26,25.31
713,104,982.85,25.6,25,26,25.31
714,109,982.82,25.6,25,26,25.31
715,106,982.82,25.6,25,26,25.31
716,109,982.9,25.6,24,26,25.28
717,108,982.75,25.6,24,26,25.28
718,107,982.78,25.5,24,26,25.28
719,109,982.79,25.6,24,26,25.28
720,107,982.8,25.5,24,26,25.28
721,127,982.8,25.5,24,26,25.28
722,117,982.87,25.5,25,26,25.31
723,127,982.8,25.6,25,26,25.31
724,130,982.85,25.6,26,26,25.33
725,103,982.96,25.5,26,26,25.33
726,96,982.96,25.5,25,26,25.31
727,99,983.03,25.5,26,26,25.33
728,109,982.97,25.6,26,26,25.33
729,117,983.03,25.5,26,26,25.33
730,119,983.09,25.5,26,26,25.33
731,119,982.93,25.6,26,26,25.33
732,118,983.06,25.6,27,26,25.36
733,119,983.1,25.6,26,26,25.33
734,116,983.15,25.6,26,26,25.33
735,117,983.02,25.7,26,26,25.33
736,98,983.06,25.6,27,26,25.36
737,120,983.12,25.6,26,26,25.33
738,120,982.98,25.7,26,26,25.33
739,114,983.19,25.7,26,26,25.33
740,116,983.05,25.7,26,26,25.33
741,117,983.09,25.7,26,26,25.33
742,116,983.05,25.7,26,26,25.33
743,106,983.21,25.7,25,26,25.31
744,101,983.02,25.7,25,26,25.31
745,100,983.06,25.7,26,26,25.33
746,117,983.21,25.5,26,26,25.33
747,107,983.01,25.6,25,26,25.31
748,114,983.06,25.7,26,26,25.33
749,112,982.97,25.6,25,26,25.31
750,104,983.1,25.7,26,26,25.33
751,103,983.15,25.7,25,26,25.31
752,102,983.28,25.7,25,26,25.31
753,104,983.11,25.7,25,26,25.31
754,103,983.11,25.7,25,26,25.31
755,106,983.14,25.7,25,26,25.31
756,99,983.12,25.8,25,26,25.31
757,103,983.29,25.7,25,26,25.31
758,102,983.15,25.5,25,26,25.31
759,348,983.17,25.7,25,26,25.31
760,354,983.17,25.7,25,26,25.31
761,350,983.15,25.7,25,26,25.31
762,361,983.22,25.8,25,26,25.31
763,370,983.23,25.7,24,26,25.28
764,366,983.24,25.7,24,26,25.28
765,350,983.16,25.7,24,26,25.28
766,355,983.28,25.7,24,26,25.28
767,350,983.31,25.7,24,26,25.28
768,357,983.25,25.6,24,26,25.28
769,355,983.18,25.7,25,26,25.31
770,316,983.18,25.6,24,26,25.28
771,249,983.26,25.7,24,26,25.28
772,314,983.34,25.7,24,26,25.28
773,290,983.46,25.6,25,26,25.31
774,268,983.41,25.7,25,26,25.31
775,304,983.41,25.7,26,26,25.33
776,240,983.43,25.7,25,26,25.31
777,257,983.38,25.7,25,26,25.31
778,255,983.41,25.7,25,26,25.31
779,229,983.47,25.6,25,26,25.31
780,229,983.35,25.6,25,26,25.31
781,224,983.37,25.6,26,26,25.33
782,233,983.42,25.6,25,26,25.31
783,210,983.39,25.6,25,26,25.31
784,219,983.32,25.6,25,26,25.31
785,263,983.27,25.5,24,26,25.28
786,209,983.35,25.5,24,26,25.28
787,292,983.35,25.5,24,26,25.28
788,256,983.42,25.4,24,25,24.18
789,320,983.31,25.3,26,26,25.33
790,324,983.47,25.3,25,25,24.21
791,304,983.27,25.3,24,25,24.18
792,266,983.3,25.3,26,25,24.23
793,240,983.39,25.3,25,25,24.21
794,329,983.46,25.3,25,25,24.21
795,315,983.4,25.3,25,25,24.21
796,411,983.41,25.2,26,25,24.23
797,477,983.37,25.2,26,25,24.23
798,562,983.37,25.1,25,25,24.21
799,570,983.4,25.2,25,25,24.21
800,559,983.41,25.2,25,25,24.21
801,630,983.47,25.2,24,25,24.18
802,502,983.46,25.2,24,25,24.18
803,632,983.4,25.2,24,25,24.18
804,678,983.38,25.1,24,25,24.18
805,640,983.39,25.2,24,25,24.18
806,598,983.29,25.1,24,25,24.18
807,525,983.33,25.2,23,25,24.16
808,426,983.36,25.1,23,25,24.16
809,312,983.32,25,23,25,24.16
810,253,983.45,24.9,23,25,24.16
811,254,983.48,25,23,25,24.16
812,257,983.45,24.9,23,25,24.16
813,182,983.47,24.9,23,25,24.16
814,230,983.54,24.5,23,25,24.16
815,307,983.53,24.5,23,24,23.06
816,417,983.55,24.6,24,24,23.08
817,460,983.59,24.6,24,24,23.08
818,461,983.49,24.7,24,24,23.08
819,478,983.56,24.4,24,24,23.08
820,463,983.61,23.6,23,24,23.06
821,454,983.74,23.3,24,23,21.98
822,444,983.74,22.4,25,23,22.01
823,431,983.7,22.9,26,22,20.93
824,406,983.77,22.7,27,22,20.96
825,379,983.86,22.7,27,22,20.96
826,355,983.74,22.7,27,22,20.96
827,328,983.71,22.5,27,22,20.96
828,305,983.67,22.8,27,22,20.96
829,299,983.71,22.9,27,22,20.96
830,303,983.67,23,26,22,20.93
831,298,983.7,23.1,25,22,20.91
832,298,983.7,23.2,25,23,22.01
833,299,983.79,23.2,25,23,22.01
834,304,983.66,23.3,24,23,21.98
835,313,983.71,23.3,24,23,21.98
836,320,983.7,23.4,24,23,21.98
837,325,983.85,23.4,24,23,21.98
838,327,983.84,23.4,24,23,21.98
839,329,983.68,23.5,24,23,21.98
840,335,983.8,23.5,23,23,21.96
841,345,983.72,23.5,23,24,23.06
842,349,983.74,23.5,23,24,23.06
843,354,983.71,23.6,23,24,23.06
844,360,983.72,23.6,23,24,23.06
845,370,983.77,23.6,23,24,23.06
846,383,983.69,23.6,23,24,23.06
847,402,983.7,23.6,23,24,23.06
848,420,983.66,23.6,23,24,23.06
849,435,983.86,23.7,23,24,23.06
850,442,983.8,23.7,23,24,23.06
851,444,983.76,23.7,23,24,23.06
852,445,983.74,23.7,23,24,23.06
853,429,983.71,23.7,23,24,23.06
854,419,983.75,23.8,23,24,23.06
855,418,983.72,23.8,23,24,23.06
856,422,983.77,23.8,23,24,23.06
857,424,983.74,23.8,23,24,23.06
858,420,983.76,23.8,23,24,23.06
859,417,983.81,23.8,23,24,23.06
860,416,983.74,23.8,23,24,23.06
861,414,983.7,23.8,23,24,23.06
862,409,983.62,23.8,23,24,23.06
863,404,983.73,23.8,23,24,23.06
864,397,983.67,23.8,23,24,23.06
865,387,983.74,23.8,23,24,23.06
866,381,983.76,23.8,23,24,23.06
867,380,983.71,23.7,23,24,23.06
868,377,983.8,23.6,23,24,23.06
869,380,983.73,23.7,23,24,23.06
870,376,983.68,23.7,23,24,23.06
871,368,983.72,23.7,23,24,23.06
872,369,983.65,23.7,23,24,23.06
873,370,983.65,23.8,23,24,23.06
874,369,983.59,23.7,23,24,23.06
875,365,983.7,23.7,23,24,23.06
876,360,983.71,23.8,23,24,23.06
877,341,983.66,23.7,23,24,23.06
878,311,983.71,23.6,23,24,23.06
879,311,983.76,23.5,23,24,23.06
880,312,983.76,23.6,24,23,21.98
881,310,983.69,23.6,24,23,21.98
882,305,983.7,23.6,24,23,21.98
883,302,983.82,23.6,24,23,21.98
884,299,983.71,23.7,23,24,23.06
885,294,983.76,23.6,23,24,23.06
886,293,983.84,23.6,23,24,23.06
887,289,983.74,23.6,23,24,23.06
888,280,983.86,23.6,23,23,21.96
889,271,983.82,23.6,23,24,23.06
890,266,983.81,23.6,23,24,23.06
891,271,983.77,23.6,23,24,23.06
892,275,983.83,23.6,23,24,23.06
893,277,983.87,23.6,23,24,23.06
894,276,983.82,23.6,23,24,23.06
895,275,983.89,23.6,23,24,23.06
896,275,983.85,23.6,23,24,23.06
897,275,983.81,23.6,23,24,23.06
898,277,983.83,23.6,23,23,21.96
899,280,983.83,23.5,23,24,23.06
900,285,983.9,23.5,24,23,21.98
901,285,983.85,23.5,24,23,21.98
902,281,983.93,23.4,24,23,21.98
903,280,983.91,23.3,24,23,21.98
904,279,983.95,23.2,24,23,21.98
905,278,983.87,23.1,24,23,21.98
906,277,983.9,23.1,24,23,21.98
907,277,983.82,23.2,25,23,22.01
908,275,983.76,23.3,24,23,21.98
909,271,983.78,23.3,24,23,21.98
910,269,983.77,23.3,24,23,21.98
911,266,983.81,23.2,24,23,21.98
912,254,983.81,23.3,24,23,21.98
913,245,983.7,23.3,24,23,21.98
914,235,983.79,23.3,24,23,21.98
915,229,983.84,22.9,24,23,21.98
916,228,983.76,22.8,24,23,21.98
917,225,983.75,23,25,23,22.01
918,219,983.73,23.1,25,23,22.01
919,210,983.69,23.1,25,23,22.01
920,200,983.7,23.1,24,23,21.98
921,190,983.72,23.1,24,23,21.98
922,185,983.77,23.1,24,23,21.98
923,184,983.73,23.2,24,23,21.98
924,183,983.86,23.2,24,23,21.98
925,181,983.83,23.2,24,23,21.98
926,186,983.8,23.2,24,23,21.98
927,187,983.78,23.2,24,23,21.98
928,185,983.75,23.2,24,23,21.98
929,184,983.77,23.1,24,23,21.98
930,182,983.82,23.2,24,23,21.98
931,180,983.8,23.2,24,23,21.98
932,178,983.7,23.2,24,23,21.98
933,175,983.79,23.2,24,23,21.98
934,173,983.83,23.1,24,23,21.98
935,169,983.87,23.2,24,23,21.98
936,165,983.82,23,24,23,21.98
937,162,983.8,22.6,24,23,21.98
938,160,983.86,22.9,25,23,22.01
939,156,983.82,22.9,25,23,22.01
940,155,983.74,22.9,25,23,22.01
941,153,983.92,22.9,25,23,22.01
942,150,983.78,23,24,23,21.98
943,149,983.8,23,24,23,21.98
944,150,983.74,23,24,23,21.98
945,150,983.82,23,24,23,21.98
946,149,983.89,23,24,23,21.98
947,146,983.79,23,24,23,21.98
948,138,983.97,22.9,24,23,21.98
949,132,983.97,22.7,24,23,21.98
950,129,983.93,22.8,25,23,22.01
951,127,983.9,22.9,25,23,22.01
952,127,983.95,22.7,25,23,22.01
953,125,983.96,22.7,25,23,22.01
954,124,983.97,22.8,25,23,22.01
955,122,984,22.7,25,23,22.01
956,122,984,22.7,25,22,20.91
957,122,984.01,22.8,25,23,22.01
958,124,983.94,22.8,25,23,22.01
959,125,983.91,22.9,25,23,22.01
960,127,983.92,22.9,25,23,22.01
961,128,983.97,22.9,25,23,22.01
962,129,983.91,22.9,25,23,22.01
963,129,983.97,22.9,25,23,22.01
964,128,983.99,22.9,24,23,21.98
965,128,983.98,22.9,24,23,21.98
966,126,983.94,22.9,24,23,21.98
967,124,984.04,22.9,25,23,22.01
968,123,984.02,22.9,25,23,22.01
969,121,984.07,22.9,25,23,22.01
970,119,984.1,22.9,25,23,22.01
971,117,984.09,22.9,25,23,22.01
972,114,984.13,22.9,25,23,22.01
973,113,984.15,22.8,25,23,22.01
974,110,984.16,22.6,25,23,22.01
975,109,984.24,22.6,25,23,22.01
976,106,984.22,22.6,25,22,20.91
977,106,984.22,22.5,25,22,20.91
978,104,984.32,22.5,25,22,20.91
979,101,984.26,22.3,25,22,20.91
980,99,984.19,22.3,26,22,20.93
981,96,984.31,22.4,26,22,20.93
982,94,984.23,22.5,26,22,20.93
983,91,984.23,22.5,26,22,20.93
984,88,984.17,22.5,26,22,20.93
985,85,984.19,22.6,26,22,20.93
986,83,984.19,22.6,26,22,20.93
987,80,984.21,22.6,25,22,20.91
988,75,984.15,22.6,25,23,22.01
989,70,984.09,22.6,25,22,20.91
990,64,984.17,22.6,25,23,22.01
991,59,984.16,22.6,25,23,22.01
992,56,984.19,22.6,25,23,22.01
993,54,984.22,22.6,25,23,22.01
994,51,984.21,22.6,25,23,22.01
995,49,984.18,22.6,25,22,20.91
996,47,984.12,22.6,25,23,22.01
997,45,984.08,22.6,25,23,22.01
998,44,984.22,22.6,25,22,20.91
999,44,984.14,22.6,25,23,22.01
1000,44,984.12,22.6,25,22,20.91
1001,43,984.15,22.5,26,23,22.03
1002,42,984.14,22.6,26,23,22.03
1003,40,984.28,22.6,26,23,22.03
1004,39,984.29,22.5,26,23,22.03
1005,37,984.27,22.5,26,22,20.93
1006,36,984.29,22.5,26,22,20.93
1007,35,984.35,22.6,26,23,22.03
1008,33,984.33,22.6,26,23,22.03
1009,31,984.41,22.6,25,23,22.01
1010,29,984.33,22.6,25,23,22.01
1011,29,984.42,22.6,25,23,22.01
1012,27,984.4,22.6,25,23,22.01
1013,25,984.41,22.6,25,23,22.01
1014,24,984.34,22.6,25,23,22.01
1015,22,984.4,22.5,25,22,20.91
1016,21,984.43,22.6,25,23,22.01
1017,20,984.47,22.5,25,22,20.91
1018,19,984.51,22.6,25,23,22.01
1019,17,984.55,22.5,25,23,22.01
1020,16,984.41,22.5,25,22,20.91
1021,14,984.51,22.5,25,22,20.91
1022,14,984.5,22.5,25,22,20.91
1023,13,984.54,22.5,25,22,20.91
1024,11,984.38,22.4,25,22,20.91
1025,10,984.39,22.4,25,22,20.91
1026,10,984.45,22.4,25,22,20.91
1027,9,984.37,22.5,25,22,20.91
1028,8,984.48,22.5,25,22,20.91
1029,7,984.54,22.5,25,22,20.91
1030,6,984.57,22.5,25,22,20.91
1031,5,984.5,22.5,25,22,20.91
1032,5,984.55,22.5,25,22,20.91
1033,5,984.5,22.5,25,22,20.91
1034,4,984.48,22.4,25,22,20.91
1035,4,984.46,22.5,25,22,20.91
1036,3,984.36,22.5,25,22,20.91
1037,3,984.5,22.5,25,22,20.91
1038,2,984.44,22.5,25,22,20.91
1039,2,984.49,22.5,25,22,20.91
1040,1,984.35,22.4,25,22,20.91
1041,1,984.46,22.5,25,22,20.91
1042,1,984.52,22.5,25,22,20.91
1043,1,984.49,22.4,25,22,20.91
1044,1,984.48,22.4,25,22,20.91
1045,0,984.44,22.4,25,22,20.91
1046,0,984.43,22.5,25,22,20.91
1047,0,984.45,22.4,25,22,20.91
1048,0,984.48,22.4,25,22,20.91
1049,0,984.49,22.4,25,22,20.91
1050,0,984.49,22.4,25,22,20.91
1051,0,984.5,22.4,25,22,20.91
1052,0,984.55,22.4,25,22,20.91
1053,0,984.59,22.4,25,22,20.91
1054,0,984.61,22.4,25,22,20.91
1055,0,984.53,22.4,25,22,20.91
1056,0,984.49,22.4,25,22,20.91
1057,0,984.58,22.4,25,22,20.91
1058,0,984.61,22.4,25,22,20.91
1059,0,984.63,22.4,25,22,20.91
1060,0,984.61,22.4,25,22,20.91
1061,0,984.67,22.4,25,22,20.91
1062,0,984.61,22.4,25,22,20.91
1063,0,984.6,22.4,25,22,20.91
1064,0,984.58,22.4,25,22,20.91
1065,0,984.6,22.4,25,22,20.91
1066,0,984.65,22.4,25,22,20.91
1067,0,984.75,22.4,25,22,20.91
1068,0,984.78,22.3,25,22,20.91
1069,0,984.83,22.4,25,22,20.91
1070,0,984.83,22.4,25,22,20.91
1071,0,984.77,22.4,25,22,20.91
1072,0,984.78,22.4,25,22,20.91
1073,0,984.82,22.4,25,22,20.91
1074,0,984.81,22.4,25,22,20.91
1075,0,984.79,22.4,25,22,20.91
1076,0,984.81,22.4,25,22,20.91
1077,0,984.89,22.4,25,22,20.91
1078,0,984.82,22.4,25,22,20.91
1079,0,984.88,22.4,25,22,20.91
1080,0,984.87,22.4,25,22,20.91
1081,0,984.88,22.4,25,22,20.91
1082,0,984.89,22.4,25,22,20.91
1083,0,984.87,22.4,25,23,22.01
1084,0,984.93,22.4,25,22,20.91
1085,0,984.92,22.4,25,22,20.91
1086,0,984.92,22.4,25,22,20.91
1087,0,984.94,22.4,25,22,20.91
1088,0,985.01,22.4,25,22,20.91
1089,0,984.96,22.4,25,22,20.91
1090,0,984.97,22.4,25,23,22.01
1091,0,984.93,22.4,25,22,20.91
1092,0,984.97,22.4,25,22,20.91
1093,0,984.92,22.4,25,22,20.91
1094,0,984.98,22.4,25,23,22.01
1095,0,984.99,22.4,25,22,20.91
1096,0,985.01,22.4,25,22,20.91
1097,0,984.98,22.4,25,22,20.91
1098,0,984.99,22.4,25,22,20.91
1099,0,985.04,22.4,25,22,20.91
1100,0,985.07,22.4,25,22,20.91
1101,0,985.03,22.4,25,22,20.91
1102,0,985.12,22.4,25,22,20.91
1103,0,985.09,22.4,25,22,20.91
1104,0,985.05,22.4,25,22,20.91
1105,0,985.07,22.3,25,22,20.91
1106,0,985.06,22.4,25,22,20.91
1107,0,985.11,22.4,25,22,20.91
1108,0,985.05,22.4,25,22,20.91
1109,0,985.07,22.4,25,22,20.91
1110,0,985.11,22.4,25,22,20.91
1111,0,985.04,22.3,25,22,20.91
1112,0,985.12,22.3,25,22,20.91
1113,0,985.13,22.3,25,22,20.91
1114,0,985.15,22.4,25,22,20.91
1115,0,985.13,22.3,25,22,20.91
1116,0,985.17,22.4,25,22,20.91
1117,240,985.14,22.3,25,22,20.91
1118,270,985.15,22.2,26,22,20.93
1119,276,985.11,22.1,26,22,20.93
1120,276,985.23,22.1,26,22,20.93
1121,276,985.28,22.1,27,22,20.96
1122,275,985.36,22.2,28,22,20.99
1123,2,985.36,22.3,29,22,21.01
1124,9,985.36,22.4,29,22,21.01
1125,10,985.48,22.4,29,22,21.01
1126,11,985.46,22.5,28,23,22.09
1127,11,985.48,22.5,28,23,22.09
1128,10,985.52,22.6,28,23,22.09
1129,11,985.54,22.6,28,23,22.09
1130,11,985.42,22.7,28,23,22.09
1131,11,985.52,22.7,29,23,22.11
1132,11,985.5,22.8,28,23,22.09
1133,11,985.55,22.8,28,23,22.09
1134,10,985.54,22.9,29,23,22.11
1135,11,985.52,22.9,29,24,23.21
1136,11,985.65,22.9,30,24,23.24
1137,12,985.59,23,29,24,23.21
1138,11,985.53,23,30,24,23.24
1139,10,985.67,23.1,30,24,23.24
1140,9,985.67,23.1,29,24,23.21
1141,9,985.77,23.1,29,24,23.21
1142,9,985.78,23.2,30,24,23.24
1143,9,985.71,23.2,30,24,23.24
1144,9,985.83,23.2,31,24,23.26
1145,9,985.76,23.3,31,24,23.26
1146,9,985.75,23.3,30,24,23.24
1147,8,985.73,23.3,31,24,23.26
1148,8,985.76,23.4,30,24,23.24
1149,8,985.64,23.4,30,24,23.24
1150,9,985.68,23.4,30,24,23.24
1151,9,985.71,23.4,30,24,23.24
1152,9,985.81,23.4,30,24,23.24
1153,8,985.82,23.5,30,24,23.24
1154,8,985.77,23.5,30,24,23.24
1155,8,985.77,23.5,30,24,23.24
1156,8,985.65,23.5,30,24,23.24
1157,8,985.75,23.5,30,24,23.24
1158,10,985.72,23.5,30,24,23.24
1159,11,985.67,23.6,30,24,23.24
1160,12,985.67,23.6,30,24,23.24
1161,11,985.67,23.6,30,24,23.24
1162,11,985.68,23.6,30,24,23.24
1163,12,985.69,23.6,30,24,23.24
1164,11,985.65,23.6,30,24,23.24
1165,11,985.7,23.6,30,24,23.24
1166,11,985.59,23.7,30,24,23.24
1167,10,985.59,23.7,30,24,23.24
1168,10,985.68,23.7,30,24,23.24
1169,10,985.62,23.7,30,24,23.24
1170,10,985.72,23.7,31,24,23.26
1171,10,985.6,23.8,30,24,23.24
1172,10,985.53,23.8,30,24,23.24
1173,10,985.56,23.8,31,24,23.26
1174,10,985.61,23.8,31,24,23.26
1175,10,985.59,23.9,31,24,23.26
1176,10,985.58,23.9,31,24,23.26
1177,10,985.57,23.9,30,24,23.24
1178,10,985.48,23.9,30,24,23.24
1179,10,985.6,23.9,31,24,23.26
1180,10,985.6,24,32,24,23.29
1181,10,985.6,24,30,24,23.24
1182,10,985.64,24,31,24,23.26
1183,10,985.66,24,31,24,23.26
1184,10,985.63,24,31,24,23.26
1185,10,985.67,24,30,24,23.24
1186,10,985.61,24,30,24,23.24
1187,10,985.6,24,31,24,23.26
1188,10,985.61,24,31,24,23.26
1189,10,985.57,24,32,24,23.29
1190,10,985.55,24,32,24,23.29
1191,10,985.62,24,30,24,23.24
1192,10,985.61,24,30,24,23.24
1193,10,985.67,24,30,24,23.24
1194,10,985.66,24,31,24,23.26
1195,10,985.57,24,30,24,23.24
1196,10,985.62,24,30,24,23.24
1197,10,985.71,24,30,24,23.24
1198,10,985.64,24,30,24,23.24
1199,10,985.66,24,30,24,23.24
1200,10,985.58,24,30,24,23.24
1201,10,985.54,24,30,24,23.24
1202,10,985.5,24,30,24,23.24
1203,10,985.46,24,30,24,23.24
1204,10,985.49,24,30,24,23.24
1205,10,985.48,24,30,24,23.24
1206,10,985.51,24,30,24,23.24
1207,10,985.55,24,30,24,23.24
1208,10,985.62,24,30,24,23.24
1209,10,985.69,24,30,24,23.24
1210,10,985.58,24,30,24,23.24
1211,10,985.57,24,30,24,23.24
1212,10,985.69,24,30,24,23.24
1213,10,985.68,24,30,24,23.24
1214,10,985.56,24,30,24,23.24
1215,10,985.58,24,30,24,23.24
1216,10,985.6,24,30,24,23.24
1217,10,985.59,24,30,24,23.24
1218,10,985.7,24,30,24,23.24
1219,10,985.7,24,30,24,23.24
1220,10,985.71,24,30,24,23.24
1221,10,985.77,24,30,24,23.24
1222,10,985.79,24,30,24,23.24
1223,10,985.8,24,30,24,23.24
1224,10,985.81,24,30,24,23.24
1225,10,985.81,24,30,24,23.24
1226,10,985.77,24,30,24,23.24
1227,10,985.78,24,30,24,23.24
1228,10,985.74,24,30,24,23.24
1229,10,985.75,24,30,24,23.24
1230,10,985.83,24,30,24,23.24
1231,10,985.76,24,30,24,23.24
1232,10,985.81,24,30,24,23.24
1233,10,985.75,24,30,24,23.24
1234,10,985.8,24,30,24,23.24
1235,10,985.71,24,30,24,23.24
1236,10,985.73,24,30,24,23.24
1237,10,985.75,24,30,24,23.24
1238,10,985.67,24,30,24,23.24
1239,10,985.72,24,30,24,23.24
1240,10,985.78,24,30,24,23.24
1241,10,985.78,24.1,29,24,23.21
1242,10,985.8,24.1,29,24,23.21
1243,10,985.85,24.1,29,24,23.21
1244,10,985.85,24.1,28,24,23.19
1245,10,985.86,24.1,29,24,23.21
1246,10,985.88,24.1,28,24,23.19
1247,10,985.85,24.1,28,24,23.19
1248,10,985.92,24.1,28,25,24.29
1249,10,985.91,24.2,28,24,23.19
1250,10,985.93,24.2,29,25,24.31
1251,10,985.94,24.2,29,25,24.31
1252,10,985.9,24.3,29,25,24.31
1253,10,985.93,24.3,29,25,24.31
1254,10,985.89,24.3,29,25,24.31
1255,10,985.89,24.3,29,25,24.31
1256,10,985.95,24.4,29,25,24.31
1257,5,985.86,24.4,29,25,24.31
1258,5,985.92,24.3,29,25,24.31
1259,5,985.92,24.3,30,25,24.34
1260,5,985.97,24.3,30,25,24.34
1261,5,986.01,24.3,30,24,23.24
1262,5,986.02,24.3,30,24,23.24
1263,5,985.98,24.3,30,24,23.24
1264,5,986.03,24.3,30,24,23.24
1265,5,986.02,24.3,30,24,23.24
1266,5,986.03,24.2,30,24,23.24
1267,5,985.97,24.2,30,24,23.24
1268,5,985.95,24.2,30,24,23.24
1269,5,986.03,24.2,30,24,23.24
1270,5,986.02,24.2,30,24,23.24
1271,5,985.97,24.2,29,24,23.21
1272,5,986,24.2,30,24,23.24
1273,5,986.08,24.2,30,24,23.24
1274,5,986.01,24.2,30,24,23.24
1275,5,986.12,24.2,30,24,23.24
1276,5,986.07,24.2,30,24,23.24
1277,5,986.15,24.2,30,24,23.24
1278,5,986.15,24.2,30,24,23.24
1279,5,986.19,24.2,29,24,23.21
1280,5,986.18,24.2,30,24,23.24
1281,5,986.22,24.1,30,24,23.24
1282,5,986.16,24.1,29,24,23.21
1283,5,986.2,24.1,30,24,23.24
1284,5,986.13,24.1,29,24,23.21
1285,5,986.12,24.1,29,24,23.21
1286,5,986.15,24.1,29,24,23.21
1287,5,986.15,24.1,29,24,23.21
1288,5,986.26,24.1,29,24,23.21
1289,5,986.19,24.1,29,24,23.21
1290,5,986.17,24.1,29,24,23.21
1291,5,986.17,24.1,29,24,23.21
1292,5,986.13,24.1,29,24,23.21
1293,5,986.27,24.1,29,24,23.21
1294,5,986.24,24.1,29,24,23.21
1295,5,986.3,24.1,29,24,23.21
1296,5,986.22,24.1,29,24,23.21
1297,5,986.24,24.1,29,24,23.21
1298,5,986.24,24.1,29,24,23.21
1299,5,986.18,24.1,30,24,23.24
1300,5,986.19,24.1,30,24,23.24
1301,5,986.32,24.1,30,24,23.24
1302,5,986.27,24.1,30,24,23.24
1303,5,986.27,24.1,30,24,23.24
1304,5,986.28,24.1,30,24,23.24
1305,7,986.25,24.1,30,24,23.24
1306,7,986.31,24.1,30,24,23.24
1307,7,986.31,24.1,30,24,23.24
1308,7,986.3,24.2,30,24,23.24
1309,7,986.27,24.2,30,24,23.24
1310,7,986.26,24.2,31,24,23.26
1311,7,986.33,24.2,30,24,23.24
1312,6,986.24,24.2,30,24,23.24
1313,6,986.28,24.2,30,24,23.24
1314,6,986.26,24.2,30,24,23.24
1315,6,986.24,24.2,29,24,23.21
1316,6,986.26,24.2,29,24,23.21
1317,6,986.2,24.2,29,24,23.21
1318,6,986.19,24.2,29,24,23.21
1319,6,986.17,24.2,29,24,23.21
1320,6,986.27,24.2,29,24,23.21
1321,6,986.23,24.2,29,24,23.21
1322,6,986.27,24.2,29,24,23.21
1323,6,986.19,24.2,29,24,23.21
1324,6,986.23,24.2,28,24,23.19
1325,6,986.14,24.2,29,24,23.21
1326,6,986.14,24.2,29,24,23.21
1327,6,986.25,24.2,29,24,23.21
1328,6,986.18,24.2,28,24,23.19
1329,6,986.22,24.2,29,24,23.21
1330,6,986.21,24.2,29,24,23.21
1331,6,986.21,24.2,29,24,23.21
1332,6,986.28,24.2,28,24,23.19
1333,6,986.21,24.2,28,25,24.29
1334,6,986.2,24.2,28,24,23.19
1335,6,986.11,24.2,28,24,23.19
1336,6,986.24,24.2,28,24,23.19
1337,6,986.19,24.2,28,24,23.19
1338,6,986.2,24.2,28,24,23.19
1339,6,986.15,24.2,28,24,23.19
1340,6,986.2,24.2,28,24,23.19
1341,6,986.19,24.2,28,24,23.19
1342,6,986.24,24.2,28,24,23.19
1343,6,986.25,24.2,28,24,23.19
1344,6,986.31,24.2,27,24,23.16
1345,6,986.39,24.2,28,24,23.19
1346,6,986.39,24.2,27,25,24.26
1347,6,986.34,24.2,28,24,23.19
1348,6,986.41,24.2,27,24,23.16
1349,6,986.44,24.2,27,24,23.16
1350,6,986.49,24.2,28,24,23.19
1351,6,986.51,24.2,28,24,23.19
1352,6,986.49,24.2,28,24,23.19
1353,6,986.47,24.2,28,24,23.19
1354,6,986.39,24.1,28,24,23.19
1355,6,986.42,24.1,28,24,23.19
1356,6,986.44,24.1,28,24,23.19
1357,6,986.47,24.1,28,24,23.19
1358,7,986.51,24.1,28,24,23.19
1359,6,986.49,24.1,28,24,23.19
1360,5,986.43,24.1,27,24,23.16
1361,5,986.47,24.1,28,24,23.19
1362,5,986.51,24.1,28,24,23.19
1363,5,986.48,24.1,29,24,23.21
1364,5,986.48,24.1,29,24,23.21
1365,5,986.38,24.1,29,24,23.21
1366,5,986.44,24.1,29,24,23.21
1367,5,986.44,24.1,28,24,23.19
1368,5,986.41,24.1,28,24,23.19
1369,5,986.38,24.1,28,24,23.19
1370,5,986.35,24.2,28,24,23.19
1371,5,986.37,24.2,28,24,23.19
1372,5,986.4,24.2,29,24,23.21
1373,5,986.43,24.2,29,24,23.21
1374,5,986.37,24.2,29,24,23.21
1375,5,986.3,24.2,29,25,24.31
1376,5,986.34,24.2,28,25,24.29
1377,5,986.41,24.2,29,24,23.21
1378,5,986.4,24.2,29,25,24.31
1379,5,986.41,24.2,29,24,23.21
1380,5,986.45,24.2,29,24,23.21
1381,5,986.4,24.2,29,24,23.21
1382,5,986.42,24.2,30,24,23.24
1383,5,986.5,24.2,30,24,23.24
1384,5,986.34,24.2,30,24,23.24
1385,5,986.46,24.2,30,24,23.24
1386,5,986.39,24.2,30,24,23.24
1387,5,986.37,24.2,30,24,23.24
1388,5,986.44,24.2,29,24,23.21
1389,5,986.36,24.2,29,24,23.21
1390,5,986.37,24.2,29,24,23.21
1391,5,986.39,24.2,29,24,23.21
1392,5,986.31,24.2,29,24,23.21
1393,5,986.32,24.2,29,24,23.21
1394,5,986.25,24.2,29,24,23.21
1395,7,986.33,24.2,29,24,23.21
1396,8,986.3,24.2,29,24,23.21
1397,8,986.34,24.2,30,24,23.24
1398,9,986.31,24.2,31,24,23.26
1399,8,986.37,24.2,31,24,23.26
1400,8,986.4,24.2,32,24,23.29
1401,9,986.38,24.2,32,24,23.29
1402,8,986.43,24.2,32,25,24.39
1403,8,986.52,24.2,32,24,23.29
1404,8,986.41,24.3,31,25,24.36
1405,8,986.48,24.3,31,25,24.36
1406,8,986.46,24.3,31,25,24.36
1407,8,986.49,24.3,33,25,24.42